variant,makespan
normal,1.5062592526014522
no-pack,1.9980838568338197
no-dynamic,1.7828109110529118
no-all,2.306059106494084
