algorithm,makespan
GCCS-2Phase,1.7113811790854556
HEFT,1.349217128125017
HydraLike,1.3524750951208038
MRSALike,2.035352707988335
