rho,kappa,method,makespan
1R,4,GCCS,1.5931625345610168
1R,4,HEFT,1.7843420387083389
1R,4,Hydra,1.7597554010566305
1R,4,MRSA,1.8794793934222662
